Слово,TF-IDF
млн,0.06458168904053035
налог,0.057104443398682175
год,0.054741142520293336
ставка,0.053660251702255655
срок,0.0507026749267611
проект,0.045776071852503555
поддержка,0.04506409497945104
мсп,0.04188225287294493
кредитование,0.04144846260207649
годовой,0.03943563059682751
затрата,0.039345939344864495
организация,0.0372245328158633
лимит,0.035927928525826644
производство,0.03523292775749863
инвестиционный,0.03357360298050923
продукция,0.033473769982455735
развитие,0.03307789284063611
период,0.03273784076335678
субъект,0.03264048951009098
программа,0.03252763389134444
уплата,0.031161087533947855
промышленный,0.029976189975462208
течение,0.02989314856020688
освобождение,0.02986173909909856
сервис,0.027521001616631617
возмещение,0.02617437335787947
льготный,0.025743477919982733
область,0.02512784379184311
промышленность,0.024824198608807496
аренда,0.024719431758625735
цель,0.024715673737639016
деятельность,0.024536007399447304
предприятие,0.024376481935305505
оборудование,0.02416996508652243
имущество,0.023606978811259473
фонд,0.023495562279070282
бизнес,0.023192423001183047
сумма,0.02301655269341866
услуга,0.02246607162735262
государственный,0.022265762024311145
объект,0.021718089184578657
центр,0.021658477668013803
млрд,0.0216188019116477
средство,0.02149005660791887
российский,0.02144849454911937
платформа,0.021113409589275565
компания,0.021091580317130352
собственность,0.02102278360432287
кредит,0.020915863215379592
реализация,0.020645156604962866
тыс,0.020634331895569468
действие,0.02049819594155027
часть,0.02018338722623534
министерство,0.019837568920587342
направление,0.018911005470247353
сфера,0.018859287065956305
предпринимательство,0.018752065564785092
товар,0.0185428165868859
финансирование,0.01824247682245159
технологический,0.017815396347850093
доход,0.017520659799678713
соглашение,0.01742098514247519
менее,0.01700853722372776
который,0.016791432311393538
участник,0.0167863843231493
также,0.01665299856393174
месяц,0.01646198745178552
договор,0.016435990171543305
труд,0.016267039085586844
инновационный,0.016254331430627662
разработка,0.016245927997718214
производительность,0.01617549321684107
прибыль,0.015973841963696906
создание,0.015843998842627112
маркировка,0.01583300955883439
контракт,0.01577183686380624
модернизация,0.015525934451385703
технология,0.015452401834023617
находиться,0.015271290108093853
осуществлять,0.015088391684999413
льгота,0.015001401806546941
корпорация,0.014970098272937356
федеральный,0.014930929847843728
направить,0.014893621233996663
цифровой,0.01468428670866846
реализовать,0.014630594786908327
экспортный,0.014473680405289659
отношение,0.014470273769847785
приоритетный,0.014389841421767045
предоставление,0.014263049672297058
поручительство,0.014203925541009117
заключить,0.01409406069673342
система,0.013878990836527784
грант,0.013757361260680643
действовать,0.013723059969615896
изделие,0.01350904709179305
расход,0.01332546017905257
связанный,0.013315110798136704
размер,0.013248346007826924
объём,0.013235490759873866
приобретение,0.013176475561457898
отрасль,0.013010757711369458
зависимость,0.012865517376641825
оборотный,0.012767808574759579
социальный,0.012560123151793825
производитель,0.012535723431807583
внедрение,0.012453115701976696
коэффициент,0.01243672475192409
национальный,0.012432936025931879
ключевой,0.012341033647564208
вид,0.012183531125311788
являться,0.012068964090161692
пополнение,0.011913699853224014
сельскохозяйственный,0.011908183041664954
финансовый,0.011879962702919333
позволять,0.011853908615926303
банк,0.011824536960611394
комплектующие,0.011771100060864318
продвижение,0.011766938423302805
обеспечение,0.011765844959533816
территория,0.011628618161797454
гражданин,0.011619237274371485
налоговый,0.01158104956028212
россия,0.011579798576723428
оэз,0.01154605057139484
иной,0.011435141126042747
кредитный,0.011365065195917108
проведение,0.011232294909055229
культура,0.011117970029596705
участок,0.01090752740637025
работа,0.01085282701074734
рынок,0.010826564549334937
понижать,0.01081466505225966
резидент,0.010706160902822445
компенсация,0.01068549066769121
заём,0.010683736088534842
земельный,0.01046768810270994
новый,0.01045196144158352
экономический,0.0103885911080118
сертификация,0.010294352334473584
размещение,0.010244953021927456
производственный,0.010217821344921559
челябинский,0.010136571999234492
повышение,0.010058457954603816
предприниматель,0.010012793559544167
категория,0.009960990891503868
связь,0.00984688715087336
строительство,0.009846186550728062
документ,0.009842341271684561
бюджет,0.009752337653640086
существующий,0.009749204519259997
апк,0.009703850723933578
помощь,0.009662380656236544
транспорт,0.009564743296075463
понести,0.009536001459713886
решение,0.009526539675942861
информационный,0.009514832182759796
высокотехнологичный,0.009329007499304176
роботизация,0.00930505164865876
имущественный,0.009304601564673986
малое,0.009265047013483074
интернет,0.009189286132057179
выпуск,0.009115748223446235
индивидуальный,0.009034616151457966
электронный,0.009005742370398345
право,0.008973293857925654
стоимость,0.008970855275834543
сопровождение,0.008957126132172817
база,0.00892047064530285
субсидирование,0.008907137401197042
предоставить,0.008876395534174903
инвестпроект,0.008876126868138715
счёт,0.00886281614948551
получение,0.008854518839489409
получить,0.00878729879368669
содействие,0.008753622559810883
трудоустройство,0.00872964649956634
индустрия,0.008696831065966745
реконструкция,0.008560031573863926
закупка,0.008554623461382535
создать,0.008522659540618092
инвалид,0.008516007645969865
перечень,0.008501924271341365
лизинг,0.008471560561760754
образовательный,0.008449181982209099
снижение,0.008430158226326468
число,0.008425245977892133
агентство,0.00842243953532915
включить,0.00837402374151706
осуществление,0.008363778448354406
страховой,0.008277126983486982
вэб,0.00825704626283174
мес,0.008243443913492072
техника,0.008121131837470251
пункт,0.00811432212660333
оказывать,0.0080608227361878
ниокра,0.007974042560148983
реестр,0.007973006747715892
условие,0.007952374953436096
правительство,0.007929964101685637
инфраструктура,0.00791226433840358
программный,0.007901725130242261
подбор,0.007891699656781478
региональный,0.007877544556887038
комплексный,0.007872094835656472
взнос,0.007754586077941684
уполномоченный,0.007751878847206555
туризм,0.007721138433355727
иметь,0.007689212966821136
оквэда,0.007667314702907701
предпринимательский,0.007614198626187629
предоставляться,0.007575538063955155
транспортный,0.007549738657754302
арендный,0.007539683634437447
плата,0.007539683634437447
комиссия,0.007535513396310698
сирования,0.007535076727535706
самозанятой,0.007495334427431286
племенной,0.00747324033861113
международный,0.007460292913249445
пользование,0.007442408669141274
сельский,0.007440290980790118
налогообложение,0.007435560295439711
инвестор,0.007430613949184389
хозяйство,0.007423889141422789
документация,0.007341634904561262
гарантия,0.007316484025215207
транспортировка,0.00730195297726527
туристический,0.007293174176443303
инициатива,0.00726798395534268
поставщик,0.007228994967430666
экспортёр,0.0071652858065729885
экономика,0.007121251858882328
земля,0.007083798027169382
инвестиция,0.007062594594739462
торговля,0.007058180451184031
экспорт,0.007014752971519132
единый,0.006891778085085497
мероприятие,0.006851004436583314
маркетинговый,0.006826454122287099
консультационный,0.0067860630648753665
креативный,0.006757662412899424
свыше,0.0067351830270244595
сво,0.006719521694266161
оказание,0.0066648554784316805
участие,0.006634975707221527
дом,0.006622398846374795
автомобильный,0.006606800855042643
цифровизация,0.006600269039537421
место,0.006578715752643519
индустриальный,0.006566477378892313
продукт,0.006549894162392541
предназначить,0.0065429468419521295
формирование,0.006527525710267646
технический,0.006525624231891823
поздний,0.006517504829713773
ндс,0.006459688535525558
спик,0.006447205646474251
мясной,0.006433357961658322
начинающий,0.006407592003039803
один,0.006392000375519658
карта,0.006371291993808351
беспилотный,0.006370330958542952
предоставлять,0.006364703825649796
субсидия,0.006350777944166805
заказ,0.00633419917490151
мера,0.006319851368900053
портал,0.006291357266201737
поиск,0.00627841406047457
мтк,0.006243784256386135
соответствие,0.006172671021511114
служба,0.006152113245465362
внешний,0.006139356343657392
парковый,0.006123571672775197
моногород,0.006100254305163248
площадь,0.006095237009589189
последующий,0.006087524275097048
информация,0.00608679075312595
культурный,0.006050966572754947
тариф,0.00604980616063615
стартап,0.006042504800838968
процесс,0.006036176597052335
знак,0.005982949251886873
расчёт,0.005931168159656299
регион,0.005927434290916168
зарегистрировать,0.0059231834308266776
усн,0.005919370294258759
животноводство,0.005890405006957209
комплекс,0.005875157623421888
весь,0.005872169793626659
население,0.005861754154387094
рабочий,0.005859197733287625
учреждение,0.0058456881970404976
выставочный,0.005825946836105787
превышать,0.0058044139514804895
краткосрочный,0.0057890703819522
занятость,0.005781427309415185
жилой,0.005762269000438643
оформление,0.005692565368337702
ведение,0.005691336747518343
площадка,0.005674663136955226
благотворительный,0.005664940662825097
иностранный,0.005662743306567863
товарный,0.005659150349488398
доля,0.005656906072858491
ппк,0.0056252943468491495
увеличение,0.005623322375848949
стимулирование,0.005591644677126917
проектный,0.005582329981044875
проверка,0.005562747230503396
данные,0.005561419334513203
расположить,0.005561059489300488
указанный,0.005560225481344544
включительно,0.005554122226446654
аккредитовать,0.005539613001977065
любой,0.005527299411751548
регистрация,0.005520640780392945
бонус,0.005517349787866342
общественный,0.0055166784847557986
разграничить,0.00550495987708897
коммерческий,0.005478071619480963
сбыт,0.005473988922232916
помещение,0.005419520174942237
поголовье,0.005409272937838983
маточный,0.005409272937838983
онлайн,0.00540699037510632
исключение,0.0054041995058114745
возможность,0.005388252987061804
качество,0.005384473484833785
обрабатывать,0.005348761180404293
назначение,0.005295465908871606
покупатель,0.005289464596770463
гчп,0.005278646930406298
концессионный,0.005278646930406298
импортозамещение,0.00527637910859818
тор,0.005245483522514673
фактически,0.005243987501619687
фактический,0.005229959278222403
природный,0.005216234092427293
поставка,0.005126771422754267
авиационный,0.005111786381030702
переработка,0.005109529890946341
управлять,0.005106158380747582
ано,0.0050838283015413955
перевооружение,0.005059370696026639
муниципальный,0.005039770444920856
наследие,0.005020269487656048
крс,0.005010881459446096
сеть,0.004998820765875184
бесплатный,0.004992725173360851
определённый,0.0049590801417054315
мочь,0.004918561579339167
предложение,0.004915306608628262
гостиница,0.004913476375090118
уровень,0.004899123614490859
собственный,0.004898126637273241
далее,0.004860783264827449
выкуп,0.004856495519626719
выбор,0.004813735667353994
бас,0.004786682063970093
скидка,0.004786682063970093
самозанятость,0.004780691515092112
важный,0.004717171185644487
использование,0.004704941391382953
свой,0.004699998537187636
процентный,0.004698224516472069
заёмщик,0.004698224516472069
номер,0.00468259658916001
павильон,0.004676362556290033
технопарк,0.0046276745258922855
расширение,0.004615370374937801
профессиональный,0.0045914466776698516
среднее,0.004587541452849494
основный,0.004571308104122421
акция,0.004568554891478952
образование,0.004521025361404149
торговый,0.004508011603953994
профильный,0.004506427510617735
численность,0.004498296844915862
недвижимый,0.004485528281425799
сколково,0.004469667672537169
компонент,0.004454676007200365
потребительский,0.004454101836580893
гарантийный,0.004417918139152685
аналогичный,0.00441597165936076
зона,0.00438789385550368
предел,0.004350132978328317
ветеран,0.004347893938875418
зерновые,0.004340879386707093
готовый,0.004330157408995035
риск,0.004317615165762774
форма,0.004301779197722404
целевой,0.004278349617062539
обслуживание,0.004276065432606495
основа,0.004273127221383181
капитальный,0.004265807875179328
план,0.004259903533021606
робототехника,0.004236617709129637
выдаваться,0.004235780280880377
микро,0.004235780280880377
другой,0.004234802993443074
страхование,0.00423332115115376
личный,0.004231033585413782
разный,0.004201213916523763
интегратор,0.004199308481406238
человек,0.004196938794822502
аккредитация,0.00415811656503327
окно,0.004151901114818682
недвижимость,0.004105453234184515
омологация,0.004092904229104928
розничный,0.004082112690347181
туристский,0.004077362145447492
нотариальный,0.004076575751782534
питание,0.004059223949758845
голова,0.0040569547033792374
дополнительный,0.004047872459122741
серийный,0.004026590720995994
товаропроизводитель,0.004013764405088684
рамка,0.003979120414962103
специальный,0.003940202694273483
образец,0.003940177995902067
обучение,0.003908070247314464
запуск,0.003900621770570898
растениеводство,0.0038838905656485858
соответствующий,0.0038546049222673378
отсутствие,0.003853296876839862
сооружение,0.003843550603746512
здание,0.003843550603746512
франшиза,0.0038364551708139566
контрагент,0.0038354982228027273
конечный,0.0038299492541346964
подобрать,0.0038204018058902124
особый,0.0038166049635630543
остальной,0.003808485222084908
либо,0.0038008261185143877
рго,0.0037954495499328525
освободить,0.0037927564563508907
железный,0.003791030993664341
дорога,0.003791030993664341
исправительный,0.0037771661531871403
некоммерческий,0.0037766271085500655
оив,0.003767538363767853
облигационный,0.003750196231232767
рэо,0.003750196231232767
облигация,0.003750196231232767
локализация,0.0037231951797246587
применение,0.0037112004606630867
нти,0.0036782331919108947
крупный,0.0036652770978290814
эвм,0.003633708121065195
мебель,0.0036275860817337685
оборудовать,0.0036275860817337685
переговоры,0.0036275860817337685
оргтехника,0.0036275860817337685
станкостроение,0.0036222027704938932
ниже,0.003597267251426053
сотрудничество,0.003584356296738406
исследование,0.003584356296738406
премия,0.003573231418341775
гектар,0.003573231418341775
занятой,0.003573231418341775
молоко,0.003573231418341775
начислить,0.003573231418341775
посевная,0.003573231418341775
стратегический,0.003530071948331096
пользователь,0.003530071948331096
ресурс,0.003518797066157154
гражданский,0.003518318545310682
лицо,0.003498448633168439
кооперация,0.0034960207459198136
лпх,0.0034935650352141607
открытие,0.0034657497165661412
обратный,0.003459240028456479
мрот,0.003459240028456479
интерьер,0.003445084354274414
упаковка,0.003445084354274414
упаковать,0.003445084354274414
гигиена,0.003445084354274414
ээккооннооммииччеессккооггоо,0.0034317566828214697
сырьё,0.0034317566828214697
материал,0.0034317566828214697
ммииннииссттееррссттввоо,0.0034317566828214697
производиться,0.0034317566828214697
импортный,0.0034317566828214697
пошлина,0.0034317566828214697
тарифный,0.0034317566828214697
аналог,0.0034317566828214697
ррфф,0.0034317566828214697
ррааззввииттииять,0.0034317566828214697
еаэс,0.0034317566828214697
ипотека,0.003416696639349217
автокомпонент,0.0034068596197701848
этап,0.00339974784109679
необходимый,0.0033957394936195624
методика,0.003381888843951662
арендовать,0.003381888843951662
бренд,0.003370688154305723
ориентировать,0.0033655490293285637
группа,0.0033349223590667413
закон,0.003330743382455782
физический,0.0033281893908726026
обязательность,0.003328101271236561
малый,0.0033278340706652384
магазин,0.0033038484012823063
маркетплейс,0.0033038484012823063
инжиниринг,0.0032943953187939204
наём,0.0032938440892177623
подготовка,0.0032935108097679583
код,0.0032918454273879526
роспатент,0.0032815120462131807
запрос,0.0032768710724188415
продажа,0.0032768710724188415
инвест,0.0032755237232173036
населить,0.0032755237232173036
максимальный,0.003271821334568984
вложение,0.0032683327323914805
таможенный,0.003264001629509371
искусство,0.003261832864473758
включать,0.003253528956767121
сделка,0.003253528956767121
консалтинговый,0.003253528956767121
содержать,0.0032380621641213466
составлять,0.0032321870480031168
инкубатор,0.0032222394988835118
гбу,0.0032222394988835118
молодёжный,0.0032222394988835118
женский,0.0032222394988835118
софинансирование,0.003204553737825526
включая,0.0032038020810529317
исполнять,0.003196277955500306
заявка,0.0031952715855099786
недополученный,0.0031911213759800616
послепродажный,0.0031911213759800616
газ,0.003189103775900469
топливо,0.003189103775900469
коммунальный,0.0031734012630122445
импортозамещающий,0.0031721869182876235
авить,0.003166037827559276
рубеж,0.00316137527238646
взаимодействие,0.0031511879389788753
режим,0.0031511879389788753
транш,0.0031217310594400067
парка,0.003111507372829248
доступ,0.003111088086464362
доступный,0.003110630722889217
заёмный,0.00310262348609273
минимальный,0.003088116664830858
честный,0.003083226518030504
исследовательский,0.003081317472949345
приобрести,0.0030716147164427748
вопрос,0.0030649474782756727
государство,0.0030597735392295287
консультирование,0.0030587081310080935
модель,0.0030587081310080935
выбрать,0.003037090508761983
конкурентоспособность,0.0030247527912095795
сравнение,0.0030125672572113623
распространяться,0.003011353453996009
сделать,0.003006654033533903
массовый,0.003003867591086451
микрофинансирование,0.002981708012987429
микрозаём,0.002981708012987429
доращивание,0.0029797784483581126
наставничество,0.0029546991189645594
опк,0.0029546991189645594
наказание,0.0029546991189645594
нацпроект,0.002951646663903089
стандартный,0.002936653961824505
ценный,0.0029311100589104865
бумага,0.0029311100589104865
биржа,0.0029311100589104865
лизингополучатель,0.0029180616672991127
произвести,0.0029180616672991127
первоначальный,0.0029180616672991127
кластерный,0.0029180616672991127
фаза,0.0029180616672991127
аванс,0.0029180616672991127
случай,0.0029180616672991127
отдельный,0.0029132498657683204
путём,0.002907048500026593
принцип,0.0029020429318252607
функционирование,0.0029003321166682556
пожертвование,0.002895832805371784
молодняк,0.002893919591138062
корова,0.002893919591138062
упрощённый,0.002886990291896858
перечный,0.002882868830982461
бережливый,0.002882868830982461
прямой,0.0028775674280654036
подлежать,0.0028696396030864326
обратиться,0.0028659111392224214
ситуация,0.0028659111392224214
социально,0.002862510205539503
снизить,0.002862467040346237
господдержка,0.0028613901113931856
работник,0.00286120063282234
статус,0.002860374128718528
начало,0.0028569452728440608
повышать,0.002850800927569427
станок,0.002850800927569427
оптимизация,0.002850800927569427
двойной,0.002850800927569427
инновация,0.002841248207118287
доработка,0.002841248207118287
текущий,0.002838523875908064
подходящий,0.002836677381271719
безвозмездный,0.0028206420244143663
оплата,0.0028188907861999724
точка,0.0028162598346972035
критически,0.002784495828888992
торг,0.002771082792792297
несколько,0.0027705325477501343
обеспечивать,0.002769114427657879
отечественный,0.0027649452874623703
добыча,0.0027538402500503177
отраслевой,0.002741549693587736
фабрика,0.002733358073427514
преимущественный,0.0027263010875582055
эксплуатация,0.0027237984453798406
мощность,0.002720724750173497
научный,0.0027157290059716043
работать,0.0027098761613523464
исклый,0.0027046364689194916
животное,0.0027046364689194916
применяться,0.0026881434314144524
сообщение,0.0026828739669546766
лёгкий,0.0026668067621831246
нко,0.002661492961105993
эффективность,0.002647296282873953
общий,0.0026421453118710856
день,0.0026421453118710856
реализоваться,0.0026118416963485367
пищевой,0.002609673005096606
уменьшить,0.002603441613566417
квалифицировать,0.0025985022353400477
энергетический,0.0025910487104167873
старт,0.0025793763137398062
первый,0.002574177110615349
обработка,0.002553579944087221
капиталовложение,0.002552605812848994
сзпк,0.002552605812848994
сторона,0.002552605812848994
специализированный,0.0025488028079095485
сельхозтоваропроизводитель,0.002548522580281062
молочный,0.002548522580281062
временной,0.0025474720552420144
проживание,0.0025474720552420144
долг,0.002530299699955235
суверенитет,0.002530299699955235
детский,0.002527353995776227
защита,0.0025184004699120455
особо,0.0025116922425119023
выполнение,0.0025116922425119023
юридический,0.0025069470009706375
принудительный,0.002491281578126809
конструкторский,0.0024801454478598555
кроме,0.0024691626189780966
уменьшение,0.0024303916324137243
железнодорожный,0.0024170639918107625
устав,0.0024045022130299762
учредительный,0.0024045022130299762
типовой,0.0024045022130299762
подпись,0.0024045022130299762
блокировка,0.0024045022130299762
егрюла,0.0024045022130299762
изменение,0.0024045022130299762
копия,0.0024045022130299762
среднедушевой,0.002390345757546056
основание,0.002390345757546056
душа,0.002390345757546056
прожиточный,0.002390345757546056
величина,0.002390345757546056
пособие,0.002390345757546056
минимум,0.002390345757546056
микропредприятие,0.0023491122582360345
здравоохранение,0.0023386452238997515
капитал,0.0023284912428056586
входящий,0.0023271503267668628
состав,0.0023271503267668628
механизм,0.002313792937653196
определять,0.0022974646718525588
учёт,0.0022967495087261756
постановка,0.0022967495087261756
использовать,0.0022967495087261756
высокий,0.002293827726934581
относиться,0.00227060632340231
переоборудование,0.002226584689876678
владелец,0.002226584689876678
переоборудовать,0.002226584689876678
дорожный,0.002226584689876678
промпредприятие,0.002226584689876678
моторный,0.002226584689876678
средний,0.002221160495768269
образовать,0.002212118749203479
владение,0.002212118749203479
процедура,0.00219394692775184
возникновение,0.00219394692775184
свободный,0.00219394692775184
конференц,0.002176133081371588
фермер,0.002176133081371588
залом,0.002176133081371588
минцифра,0.002176133081371588
офисный,0.002176133081371588
включение,0.002176133081371588
давать,0.002176133081371588
комната,0.002176133081371588
подтверждение,0.002176133081371588
заключение,0.0021565926298741838
дата,0.0021565926298741838
сертификат,0.0021286498107438503
инженерный,0.0021286498107438503
патент,0.0021286498107438503
лекарственный,0.002046452114552464
конкурентоспособный,0.002046452114552464
мир,0.002038287875891267
запускать,0.002038287875891267
проверить,0.002038287875891267
выдать,0.002038287875891267
кешбэкома,0.002038287875891267
платёжный,0.002038287875891267
клиентский,0.002038287875891267
сбп,0.002038287875891267
подлинность,0.002038287875891267
нотариус,0.002038287875891267
нспк,0.002038287875891267
рост,0.002038287875891267
актуальность,0.002038287875891267
палата,0.002038287875891267
держатель,0.002038287875891267
уфалей,0.002033418101721083
усть,0.002033418101721083
катать,0.002033418101721083
верхний,0.002033418101721083
миньяр,0.002033418101721083
сие,0.002033418101721083
нязепетровск,0.002033418101721083
должный,0.002000907901423299
взиматься,0.0019981832524808927
рассрочка,0.0019981832524808927
различный,0.0019981832524808927
единоразовый,0.0019981832524808927
допускаться,0.0019981832524808927
производить,0.0019981832524808927
арендатор,0.001976680354394676
сохранение,0.001976680354394676
агрегат,0.001921775301873256
потребитель,0.001921775301873256
цикл,0.001921775301873256
банковский,0.001921775301873256
усиление,0.001921775301873256
узел,0.001921775301873256
приостановка,0.001921775301873256
кооперационный,0.001921775301873256
расширить,0.0019182275854069783
хотеть,0.0019182275854069783
приглашение,0.0019182275854069783
ведущий,0.0019182275854069783
стать,0.0019182275854069783
структурирование,0.0019182275854069783
очный,0.0019182275854069783
просмотр,0.0019182275854069783
резюме,0.0019182275854069783
покупка,0.0019182275854069783
канал,0.0019182275854069783
собеседование,0.0019182275854069783
кадровый,0.0019182275854069783
соискатель,0.0019182275854069783
садоводческий,0.0018883135542750327
принадлежащий,0.0018883135542750327
огороднический,0.0018883135542750327
мкд,0.0018883135542750327
уменьшаться,0.0018883135542750327
товарищество,0.0018883135542750327
оператор,0.0018750981156163834
валюта,0.0018750981156163834
экологический,0.0018750981156163834
экопромышленный,0.0018750981156163834
рубль,0.0018750981156163834
залоговый,0.0018750981156163834
корпоративный,0.0018750981156163834
юрист,0.0018391165959554473
лидерский,0.0018391165959554473
второй,0.0018391165959554473
трата,0.0018391165959554473
консультация,0.0018391165959554473
пошаговый,0.0018391165959554473
приветственный,0.0018391165959554473
активность,0.0018391165959554473
экспертный,0.0018391165959554473
финансировать,0.0018310985834931546
исполнение,0.0018310985834931546
деньга,0.0018310985834931546
оперативно,0.0018310985834931546
залог,0.0018310985834931546
коммуникация,0.0018310985834931546
боевой,0.0018209948749442456
инвалидность,0.0018209948749442456
разница,0.0018209948749442456
пенсионный,0.0018209948749442456
миссия,0.001808380181020467
коворкинг,0.001808380181020467
совет,0.001808380181020467
реверсный,0.001808380181020467
акселерационный,0.001808380181020467
конгресный,0.001808380181020467
коровий,0.0017866157091708875
картофель,0.0017866157091708875
грунт,0.0017866157091708875
несвязанный,0.0017866157091708875
килограмм,0.0017866157091708875
открытый,0.0017866157091708875
козий,0.0017866157091708875
овощной,0.0017866157091708875
отгрузить,0.0017866157091708875
фрий,0.0017652715492836963
конструктор,0.0017652715492836963
ускоренный,0.0017652715492836963
разработчик,0.0017652715492836963
коммерциализация,0.0017652715492836963
внешнеэкономический,0.0017652715492836963
учитывать,0.0017652715492836963
предзаполнить,0.0017652715492836963
экосистема,0.0017652715492836963
акселератор,0.0017652715492836963
особенность,0.0017652715492836963
интеллектуальный,0.0017652715492836963
концессия,0.0017595489768020994
омс,0.0017595489768020994
внебюджетный,0.001748494507504891
отчисление,0.001748494507504891
опережать,0.001748494507504891
полезный,0.001748494507504891
ископаемое,0.001748494507504891
базовый,0.0017461477091932776
автоматизация,0.0017461477091932776
хороший,0.0017461477091932776
перспективный,0.0017461477091932776
безработный,0.0017296200142282395
увольнение,0.0017296200142282395
единица,0.0017296200142282395
гигиенический,0.001722542177137207
туалетный,0.001722542177137207
санитарный,0.001722542177137207
принадлежность,0.001722542177137207
хозяйственный,0.001722542177137207
экспертиза,0.0016959695769779373
межведомственный,0.0016959695769779373
потенциальный,0.0016959695769779373
информационно,0.0016959695769779373
обмен,0.0016959695769779373
критерий,0.0016959695769779373
выставочноярмарочный,0.0016959695769779373
отчётность,0.0016959695769779373
подключение,0.0016959695769779373
нефинансовый,0.0016959695769779373
сдача,0.0016959695769779373
блок,0.0016959695769779373
организационный,0.0016959695769779373
участвовать,0.0016705456760213095
выращивание,0.0016705456760213095
нарушение,0.0016705456760213095
стадия,0.0016705456760213095
методический,0.0016705456760213095
оценка,0.0016705456760213095
подать,0.0016705456760213095
проанализировать,0.0016705456760213095
провести,0.0016705456760213095
требовать,0.0016705456760213095
витрина,0.0016705456760213095
помогать,0.0016705456760213095
правовой,0.0016705456760213095
бизнеспланирование,0.0016705456760213095
ндфл,0.001665371691227891
минус,0.001665371691227891
нужно,0.001665371691227891
остаточный,0.001665371691227891
автоматизированный,0.001665371691227891
справка,0.001665371691227891
декларация,0.001665371691227891
интересовать,0.0016640506356182805
кнр,0.0016640506356182805
продовольственный,0.0016640506356182805
каир,0.0016640506356182805
аравия,0.0016640506356182805
частный,0.0016640506356182805
турция,0.0016640506356182805
египет,0.0016640506356182805
отобрать,0.0016640506356182805
дубай,0.0016640506356182805
ханой,0.0016640506356182805
индия,0.0016640506356182805
финансы,0.0016640506356182805
шанхай,0.0016640506356182805
новь,0.0016640506356182805
демонстрационный,0.0016640506356182805
дегустационный,0.0016640506356182805
мумбай,0.0016640506356182805
вьетнам,0.0016640506356182805
анталья,0.0016640506356182805
привлечь,0.0016640506356182805
саудовский,0.0016640506356182805
рияда,0.0016640506356182805
взлёт,0.0016640506356182805
оаэ,0.0016640506356182805
трансформация,0.0016519242006411531
сразу,0.0016519242006411531
нанотехнологический,0.0016519242006411531
сектор,0.0016519242006411531
почта,0.0016519242006411531
продавец,0.0016519242006411531
кадр,0.0016519242006411531
инфраструктурный,0.0016519242006411531
остаток,0.0016519242006411531
принятие,0.0016519242006411531
отслеживать,0.0016519242006411531
путь,0.0016519242006411531
екома,0.0016519242006411531
контролировать,0.0016519242006411531
предлагаться,0.0016519242006411531
соцсеть,0.0016519242006411531
низкий,0.0016384355362094208
мегамаркет,0.0016384355362094208
кадастр,0.0016384355362094208
возможный,0.0016384355362094208
страна,0.0016384355362094208
местный,0.0016384355362094208
картография,0.0016384355362094208
таблица,0.0016384355362094208
сравнивать,0.0016384355362094208
вовлечение,0.0016384355362094208
сезон,0.0016384355362094208
трафик,0.0016384355362094208
москва,0.0016384355362094208
дать,0.0016384355362094208
показать,0.0016384355362094208
эксперт,0.0016384355362094208
цена,0.0016384355362094208
тематический,0.001630916432236879
президентский,0.001630916432236879
пром,0.001630916432236879
команда,0.001630916432236879
требоваться,0.001630916432236879
современный,0.001630916432236879
негосударственный,0.001630916432236879
конкурс,0.001630916432236879
тип,0.0015955606879900308
масса,0.0015955606879900308
взлётный,0.0015955606879900308
станкоинструментальный,0.0015901422901962276
тяжёлый,0.0015901422901962276
запас,0.0015901422901962276
ремонт,0.0015901422901962276
машиностроение,0.0015901422901962276
устойчивый,0.0015901422901962276
складской,0.0015901422901962276
лидерство,0.0015901422901962276
невыполнение,0.0015901422901962276
судоремонт,0.0015901422901962276
горнолыжный,0.0015608655297200034
сопф,0.0015608655297200034
принадлежать,0.0015608655297200034
аквапарк,0.0015608655297200034
специализировать,0.0015608655297200034
наличие,0.0015608655297200034
номерной,0.0015608655297200034
семья,0.0015608655297200034
два,0.0015608655297200034
санаторий,0.0015608655297200034
общество,0.0015608655297200034
количество,0.0015608655297200034
ребёнок,0.0015608655297200034
три,0.0015608655297200034
развлечение,0.0015608655297200034
отель,0.0015608655297200034
курорт,0.0015608655297200034
круглогодичный,0.0015608655297200034
звезда,0.0015608655297200034
конкурентоспособнойпродукция,0.0015411560024995612
лесной,0.0015411560024995612
древесина,0.0015411560024995612
совместно,0.0015411560024995612
кулинария,0.0015056767269980044
столовый,0.0015056767269980044
утвердить,0.0015056767269980044
ввести,0.0015056767269980044
серебро,0.0015056767269980044
пооквэда,0.0015056767269980044
отдел,0.0015056767269980044
правоотношение,0.0015056767269980044
кобрабатывать,0.0015056767269980044
есхн,0.0015056767269980044
ресторан,0.0015056767269980044
заготовочный,0.0015056767269980044
ювелирный,0.0015056767269980044
кафе,0.0015056767269980044
выездной,0.0015056767269980044
микрокредитный,0.0014908540064937144
авансирование,0.0014898892241790563
задача,0.0014898892241790563
нужда,0.0014898892241790563
инвестплатформ,0.0014898892241790563
минигрант,0.0014898892241790563
микрогрант,0.0014898892241790563
показательный,0.0014898892241790563
рид,0.0014898892241790563
среда,0.0014861229946813083
окружающий,0.0014861229946813083
негативный,0.0014861229946813083
предотвращение,0.0014861229946813083
актив,0.0014861229946813083
минимизация,0.0014861229946813083
влияние,0.0014861229946813083
нематериальный,0.0014861229946813083
жизненный,0.0014773495594822797
управление,0.0014773495594822797
трудный,0.0014773495594822797
трудоустроить,0.0014773495594822797
главное,0.0014773495594822797
орган,0.0014773495594822797
несовершеннолетний,0.0014773495594822797
свобода,0.0014773495594822797
ученический,0.0014773495594822797
лишение,0.0014773495594822797
наставник,0.0014773495594822797
возраст,0.0014773495594822797
регламент,0.0014683269809122525
ограничить,0.0014683269809122525
фармацевтический,0.0014683269809122525
стандартизация,0.0014683269809122525
отсутствовать,0.0014683269809122525
рассматриваться,0.0014683269809122525
агропромышленный,0.00144726759548805
привлечение,0.00144726759548805
первичный,0.00144726759548805
сельскохозтоваропроизводитель,0.00144726759548805
неприоритетный,0.00144726759548805
лечебный,0.00144726759548805
кооператив,0.00144726759548805
зерновой,0.001446959795569031
урожай,0.001446959795569031
осуществляться,0.001446959795569031
обследование,0.001446959795569031
минеральный,0.001446959795569031
скот,0.001446959795569031
удобрение,0.001446959795569031
улучшение,0.001446959795569031
интерес,0.001446959795569031
рогатый,0.001446959795569031
почва,0.001446959795569031
импорт,0.001446959795569031
спк,0.001446959795569031
плодородие,0.001446959795569031
агрохимический,0.001446959795569031
гибель,0.001446959795569031
сельхозстрахованиес,0.001446959795569031
воспроизводство,0.001446959795569031
сельхозназначение,0.001446959795569031
тонна,0.001446959795569031
утрата,0.001446959795569031
аудит,0.0014414344154912305
тренинг,0.0014414344154912305
разрабатывать,0.0014414344154912305
технико,0.0014414344154912305
отправление,0.001391207907508069
экспозиция,0.001391207907508069
застройка,0.001391207907508069
коллективный,0.001391207907508069
стенд,0.001391207907508069
доставка,0.001391207907508069
водный,0.001391207907508069
задолженность,0.0013631505437791027
электрическойсвязь,0.0013631505437791027
порядок,0.0013631505437791027
отчуждение,0.0013631505437791027
неустойка,0.0013631505437791027
офис,0.0013631505437791027
движимый,0.0013631505437791027
непрерывный,0.0013631505437791027
установленный,0.0013631505437791027
смп,0.0013631505437791027
нахождение,0.0013631505437791027
скотоводство,0.0013523182344597458
птицеводство,0.0013523182344597458
рыбный,0.0013523182344597458
рыба,0.0013523182344597458
порода,0.0013523182344597458
кластер,0.001292447414230824
передавать,0.001292447414230824
кожа,0.001292447414230824
тко,0.001292447414230824
текстильный,0.001292447414230824
конкурентный,0.001292447414230824
денежный,0.001292447414230824
обращение,0.001292447414230824
эффективный,0.001292447414230824
осуществить,0.001292447414230824
одежда,0.001292447414230824
безвозмездно,0.001292447414230824
телекоммуникация,0.001292447414230824
административно,0.001276302906424497
перерабатывающий,0.001276302906424497
платёж,0.001276302906424497
логистический,0.001276302906424497
стабилизация,0.001276302906424497
спорт,0.001276302906424497
сопутствовать,0.001276302906424497
городской,0.001276302906424497
предусматривать,0.001276302906424497
игорный,0.001276302906424497
алкогольный,0.001276302906424497
пригородный,0.001276302906424497
жидкий,0.001276302906424497
регуляторный,0.001276302906424497
уплатить,0.001276302906424497
аэровокзал,0.001276302906424497
экология,0.001276302906424497
оптовый,0.001276302906424497
деловой,0.001276302906424497
многоквартирный,0.001276302906424497
терминал,0.001276302906424497
табачный,0.001276302906424497
федерация,0.001276302906424497
поощрение,0.001276302906424497
нефть,0.001276302906424497
поднадзорный,0.001276302906424497
сырой,0.001276302906424497
достижение,0.0012651498499776175
рефинансирование,0.0012651498499776175
туда,0.0012651498499776175
исполнить,0.0012651498499776175
быть,0.0012651498499776175
обязательство,0.0012651498499776175
отсрочка,0.0012651498499776175
зонтичный,0.0012651498499776175
критический,0.0012651498499776175
способствовать,0.0012651498499776175
отнести,0.0012651498499776175
возвратный,0.0012651498499776175
вводить,0.0012636769978881135
баланс,0.0012636769978881135
госгарантия,0.0012636769978881135
энергоэффективность,0.0012636769978881135
вновь,0.0012636769978881135
телекоммуникационный,0.0012636769978881135
зачисление,0.0012636769978881135
почтовый,0.0012636769978881135
переход,0.0012590553843957136
момент,0.0012590553843957136
вне,0.0012590553843957136
осудить,0.0012590553843957136
ранее,0.0012590553843957136
стоянка,0.0012590553843957136
спортивный,0.0012590553843957136
рефинанопытно,0.0012558461212559512
рефинанпо,0.0012558461212559512
внедренческий,0.0012558461212559512
рефинангосударственный,0.0012558461212559512
робот,0.0012558461212559512
робототехнический,0.0012558461212559512
класс,0.0012558461212559512
рефинандеятельность,0.0012558461212559512
рефинанобъект,0.0012558461212559512
устройство,0.0012558461212559512
оборонный,0.0012558461212559512
монтаж,0.0012558461212559512
научно,0.0012558461212559512
рефинанприобретение,0.0012558461212559512
приобретать,0.001211236040355065
учитываться,0.001211236040355065
операция,0.001211236040355065
компаниямс,0.001211236040355065
дизайн,0.001211236040355065
лицензионный,0.001211236040355065
сублицензионный,0.001211236040355065
создавать,0.001211236040355065
правообладатель,0.001211236040355065
пак,0.001211236040355065
тарифысничь,0.001211236040355065
снижениестраховыхвзнос,0.001211236040355065
компонентный,0.001211236040355065
передача,0.001211236040355065
внедрять,0.001211236040355065
проектирование,0.001211236040355065
радиоэлектронный,0.001211236040355065
понизить,0.001211236040355065
фнс,0.0012022511065149881
налогоплательщик,0.0012022511065149881
бесплатно,0.0012022511065149881
заявление,0.0012022511065149881
удостоверять,0.0012022511065149881
госрегистрация,0.0012022511065149881
определить,0.0012022511065149881
ограничение,0.0012022511065149881
автоматический,0.0012022511065149881
яндекс,0.0012022511065149881
кэп,0.0012022511065149881
возможно,0.0012022511065149881
содержаться,0.0012022511065149881
ооо,0.0012022511065149881
прозрачный,0.0012022511065149881
внести,0.0012022511065149881
внесение,0.0012022511065149881
кабинет,0.0012022511065149881
получать,0.0012022511065149881
егрипа,0.0012022511065149881
реклама,0.0012022511065149881
роботехника,0.0011942289918138948
паспорт,0.0011942289918138948
предъявление,0.0011942289918138948
экспресс,0.0011942289918138948
наразвитие,0.0011942289918138948
инженернотехнический,0.0011745561291180173
лизинговый,0.0011745561291180173
увеличить,0.0011745561291180173
мфо,0.0011745561291180173
хранение,0.0011745561291180173
наиболее,0.0011745561291180173
архитектура,0.0011745561291180173
самозанятый,0.0011745561291180173
испытание,0.0011745561291180173
пск,0.0011745561291180173
устанавливать,0.0011745561291180173
застройщик,0.0011745561291180173
предельный,0.001023226057276232
поставить,0.001023226057276232
требование,0.001023226057276232
окончание,0.000988340177197338
гос,0.000988340177197338
состояние,0.000988340177197338
выше,0.000988340177197338
неудовлетворительный,0.000988340177197338
погашение,0.000988340177197338
вложить,0.000988340177197338
документально,0.000988340177197338
подтвердить,0.000988340177197338
полный,0.000988340177197338
ход,0.0009210293780677501
модернизированный,0.0009210293780677501
освоение,0.0009210293780677501
реконструировать,0.0009210293780677501
предусмотреть,0.0009210293780677501
инвестконтракт,0.0009210293780677501
